<?xml version="1.0" encoding="utf-8"?>
<platform xmlns="http://ns.adobe.com/air/extension/19.0">
    <sdkVersion>10.1</sdkVersion>
    <linkerOptions>
        <option>-ios_version_min 9.0</option>
        <option>-lstdc++</option>
        <option>-w</option>
        <option>-ObjC</option>
        <option>-rpath @executable_path/Frameworks</option>
    </linkerOptions>
    
    <packagedDependencies>
        <packagedDependency>Frameworks/FreSwift.framework</packagedDependency>
        <packagedDependency>Frameworks/XXX_FW.framework</packagedDependency>
    </packagedDependencies>
    
</platform>
